{"_type":"export","__export_format":4,"__export_date":"2024-03-28T04:44:28.019Z","__export_source":"insomnia.desktop.app:v8.6.1","resources":[{"_id":"req_5d57d1829a884e5e8e5bec594a55fe73","parentId":"wrk_78bf1b8cb64c4107bb75ff7d6b1a69e7","modified":1711570360969,"created":1710104581242,"url":"{{base_url}}/lineups/9","name":"get lineups","description":"","method":"GET","body":{},"parameters":[],"headers":[{"name":"User-Agent","value":"insomnia/8.6.1"}],"authentication":{},"metaSortKey":-1710104581242,"isPrivate":false,"pathParameters":[],"settingStoreCookies":true,"settingSendCookies":true,"settingDisableRenderRequestBody":false,"settingEncodeUrl":true,"settingRebuildPath":true,"settingFollowRedirects":"global","_type":"request"},{"_id":"wrk_78bf1b8cb64c4107bb75ff7d6b1a69e7","parentId":null,"modified":1701482839773,"created":1701482839773,"name":"Baseball Game Database","description":"","scope":"collection","_type":"workspace"},{"_id":"req_e75b26969f1c4e9ab66e139c69058174","parentId":"wrk_78bf1b8cb64c4107bb75ff7d6b1a69e7","modified":1710105691978,"created":1710103661075,"url":"{{base_url}}/lineups/1","name":"post lineups","description":"","method":"POST","body":{"mimeType":"application/json","text":"{\n\t\"away\": [\n    {\n        \"average\": \"0.230\",\n        \"homers\": 9,\n        \"id\": 17,\n        \"name\": \"Alek Thomas\",\n        \"primary_position\": \"CF\",\n        \"rbi\": 39,\n        \"team_id\": 2\n    },\n    {\n        \"average\": \"0.000\",\n        \"homers\": 0,\n        \"id\": 18,\n        \"name\": \"Blaze Alexander\",\n        \"primary_position\": \"SS\",\n        \"rbi\": 0,\n        \"team_id\": 2\n    },\n    {\n        \"average\": \"0.258\",\n        \"homers\": 33,\n        \"id\": 19,\n        \"name\": \"Christian Walker\",\n        \"primary_position\": \"1B\",\n        \"rbi\": 103,\n        \"team_id\": 2\n    },\n    {\n        \"average\": \"0.285\",\n        \"homers\": 25,\n        \"id\": 20,\n        \"name\": \"Corbin Carroll\",\n        \"primary_position\": \"LF\",\n        \"rbi\": 76,\n        \"team_id\": 2\n    },\n    {\n        \"average\": \"0.261\",\n        \"homers\": 4,\n        \"id\": 21,\n        \"name\": \"Emmanuel Rivera\",\n        \"primary_position\": \"3B\",\n        \"rbi\": 29,\n        \"team_id\": 2\n    },\n    {\n        \"average\": \"0.232\",\n        \"homers\": 22,\n        \"id\": 22,\n        \"name\": \"Eugenio Suárez\",\n        \"primary_position\": \"3B\",\n        \"rbi\": 96,\n        \"team_id\": 2\n    },\n    {\n        \"average\": \"0.284\",\n        \"homers\": 7,\n        \"id\": 23,\n        \"name\": \"Gabriel Moreno\",\n        \"primary_position\": \"C\",\n        \"rbi\": 50,\n        \"team_id\": 2\n    },\n    {\n        \"average\": \"0.246\",\n        \"homers\": 6,\n        \"id\": 24,\n        \"name\": \"Geraldo Perdomo\",\n        \"primary_position\": \"SS\",\n        \"rbi\": 47,\n        \"team_id\": 2\n    },\n    {\n        \"average\": \"0.211\",\n        \"homers\": 6,\n        \"id\": 25,\n        \"name\": \"Jace Peterson\",\n        \"primary_position\": \"3B\",\n        \"rbi\": 37,\n        \"team_id\": 2\n    }\n], \n\t\"home\": [\n    {\n        \"average\": \"0.258\",\n        \"homers\": 4,\n        \"id\": 118,\n        \"name\": \"Brendan Rodgers\",\n        \"primary_position\": \"2B\",\n        \"rbi\": 20,\n        \"team_id\": 8\n    },\n    {\n        \"average\": \"0.203\",\n        \"homers\": 10,\n        \"id\": 119,\n        \"name\": \"Brenton Doyle\",\n        \"primary_position\": \"CF\",\n        \"rbi\": 48,\n        \"team_id\": 8\n    },\n    {\n        \"average\": \"0.279\",\n        \"homers\": 8,\n        \"id\": 120,\n        \"name\": \"Charlie Blackmon\",\n        \"primary_position\": \"DH\",\n        \"rbi\": 40,\n        \"team_id\": 8\n    },\n    {\n        \"average\": \"0.243\",\n        \"homers\": 11,\n        \"id\": 121,\n        \"name\": \"Elehuris Montero\",\n        \"primary_position\": \"3B\",\n        \"rbi\": 39,\n        \"team_id\": 8\n    },\n    {\n        \"average\": \"0.267\",\n        \"homers\": 14,\n        \"id\": 122,\n        \"name\": \"Elias Díaz\",\n        \"primary_position\": \"C\",\n        \"rbi\": 72,\n        \"team_id\": 8\n    },\n    {\n        \"average\": \"0.253\",\n        \"homers\": 15,\n        \"id\": 123,\n        \"name\": \"Ezequiel Tovar\",\n        \"primary_position\": \"SS\",\n        \"rbi\": 73,\n        \"team_id\": 8\n    },\n    {\n        \"average\": \"0.200\",\n        \"homers\": 1,\n        \"id\": 124,\n        \"name\": \"Hunter Goodman\",\n        \"primary_position\": \"1B\",\n        \"rbi\": 17,\n        \"team_id\": 8\n    },\n    {\n        \"average\": \"0.191\",\n        \"homers\": 3,\n        \"id\": 125,\n        \"name\": \"Jacob Stallings\",\n        \"primary_position\": \"C\",\n        \"rbi\": 20,\n        \"team_id\": 8\n    },\n    {\n        \"average\": \"0.000\",\n        \"homers\": 0,\n        \"id\": 126,\n        \"name\": \"Julio Carreras\",\n        \"primary_position\": \"3B\",\n        \"rbi\": 0,\n        \"team_id\": 8\n    }\n\t]\n}"},"parameters":[],"headers":[{"name":"Content-Type","value":"application/json"},{"name":"User-Agent","value":"insomnia/8.6.1"}],"authentication":{},"metaSortKey":-1710103661075,"isPrivate":false,"pathParameters":[],"settingStoreCookies":true,"settingSendCookies":true,"settingDisableRenderRequestBody":false,"settingEncodeUrl":true,"settingRebuildPath":true,"settingFollowRedirects":"global","_type":"request"},{"_id":"req_ac4b94294c8c49ddbfbf7330d159d741","parentId":"fld_ff1409a2976842c3a9492d9302ccc122","modified":1710090315012,"created":1709880038965,"url":"{{base_url}}/game/1/pitch/1","name":"swing at pitch","description":"","method":"PUT","body":{},"parameters":[],"headers":[{"name":"User-Agent","value":"insomnia/8.5.1"}],"authentication":{},"metaSortKey":-1709787447803,"isPrivate":false,"pathParameters":[],"settingStoreCookies":true,"settingSendCookies":true,"settingDisableRenderRequestBody":false,"settingEncodeUrl":true,"settingRebuildPath":true,"settingFollowRedirects":"global","_type":"request"},{"_id":"fld_ff1409a2976842c3a9492d9302ccc122","parentId":"wrk_78bf1b8cb64c4107bb75ff7d6b1a69e7","modified":1708560610007,"created":1708560610007,"name":"game","description":"","environment":{},"environmentPropertyOrder":null,"metaSortKey":-1708560610007,"_type":"request_group"},{"_id":"req_c02172bd03ec4a1bb5018339125b4717","parentId":"fld_ff1409a2976842c3a9492d9302ccc122","modified":1709880316919,"created":1709880314571,"url":"{{base_url}}/game/1/pitch/2","name":"take pitch","description":"","method":"PUT","body":{},"parameters":[],"headers":[{"name":"User-Agent","value":"insomnia/8.5.1"}],"authentication":{},"metaSortKey":-1709787447753,"isPrivate":false,"pathParameters":[],"settingStoreCookies":true,"settingSendCookies":true,"settingDisableRenderRequestBody":false,"settingEncodeUrl":true,"settingRebuildPath":true,"settingFollowRedirects":"global","_type":"request"},{"_id":"req_cddfadd60ba540c6bf0c517f4d4fb3c4","parentId":"fld_ff1409a2976842c3a9492d9302ccc122","modified":1710098162642,"created":1708563695277,"url":"{{base_url}}/game","name":"new game create","description":"","method":"POST","body":{"mimeType":"application/json","text":"{\n\t\n}"},"parameters":[],"headers":[{"name":"Content-Type","value":"application/json"},{"name":"User-Agent","value":"insomnia/8.5.1"}],"authentication":{},"metaSortKey":-1709787447728,"isPrivate":false,"pathParameters":[],"settingStoreCookies":true,"settingSendCookies":true,"settingDisableRenderRequestBody":false,"settingEncodeUrl":true,"settingRebuildPath":true,"settingFollowRedirects":"global","_type":"request"},{"_id":"req_e08529a40bfc4aafbc6347e5b45e6ddc","parentId":"fld_ff1409a2976842c3a9492d9302ccc122","modified":1708659920953,"created":1708659896778,"url":"{{base_url}}/game/1/inning","name":"inning read","description":"","method":"GET","body":{},"parameters":[],"headers":[{"name":"User-Agent","value":"insomnia/8.5.1"}],"authentication":{},"metaSortKey":-1708655498951,"isPrivate":false,"pathParameters":[],"settingStoreCookies":true,"settingSendCookies":true,"settingDisableRenderRequestBody":false,"settingEncodeUrl":true,"settingRebuildPath":true,"settingFollowRedirects":"global","_type":"request"},{"_id":"req_89d8b70365f0467ab202950c7989fbb8","parentId":"fld_ff1409a2976842c3a9492d9302ccc122","modified":1708663651391,"created":1708659936566,"url":"{{base_url}}/game/1/inning","name":"inning update","description":"","method":"PUT","body":{},"parameters":[],"headers":[{"name":"User-Agent","value":"insomnia/8.5.1"}],"authentication":{},"metaSortKey":-1708655395577.625,"isPrivate":false,"pathParameters":[],"settingStoreCookies":true,"settingSendCookies":true,"settingDisableRenderRequestBody":false,"settingEncodeUrl":true,"settingRebuildPath":true,"settingFollowRedirects":"global","_type":"request"},{"_id":"req_5542d88cf92548b9ba90d7770e699035","parentId":"fld_ff1409a2976842c3a9492d9302ccc122","modified":1708662123676,"created":1708662120875,"url":"{{base_url}}/game/1/outs","name":"outs read","description":"","method":"GET","body":{},"parameters":[],"headers":[{"name":"User-Agent","value":"insomnia/8.5.1"}],"authentication":{},"metaSortKey":-1708655292204.25,"isPrivate":false,"pathParameters":[],"settingStoreCookies":true,"settingSendCookies":true,"settingDisableRenderRequestBody":false,"settingEncodeUrl":true,"settingRebuildPath":true,"settingFollowRedirects":"global","_type":"request"},{"_id":"req_08446731be8a43b886ed6f1f33e37d4a","parentId":"fld_ff1409a2976842c3a9492d9302ccc122","modified":1708660039356,"created":1708660034297,"url":"{{base_url}}/game/1/top_of_inning","name":"top_of_inning read","description":"","method":"GET","body":{},"parameters":[],"headers":[{"name":"User-Agent","value":"insomnia/8.5.1"}],"authentication":{},"metaSortKey":-1708654671964,"isPrivate":false,"pathParameters":[],"settingStoreCookies":true,"settingSendCookies":true,"settingDisableRenderRequestBody":false,"settingEncodeUrl":true,"settingRebuildPath":true,"settingFollowRedirects":"global","_type":"request"},{"_id":"req_613d04def086402ab18e85e9d579dbfc","parentId":"fld_ff1409a2976842c3a9492d9302ccc122","modified":1708660435803,"created":1708659976104,"url":"{{base_url}}/game/1/batting","name":"batting team id read","description":"","method":"GET","body":{},"parameters":[],"headers":[{"name":"User-Agent","value":"insomnia/8.5.1"}],"authentication":{},"metaSortKey":-1708653017990,"isPrivate":false,"pathParameters":[],"settingStoreCookies":true,"settingSendCookies":true,"settingDisableRenderRequestBody":false,"settingEncodeUrl":true,"settingRebuildPath":true,"settingFollowRedirects":"global","_type":"request"},{"_id":"req_4fb20920bd7046189265a191a260f74c","parentId":"fld_ff1409a2976842c3a9492d9302ccc122","modified":1708660444164,"created":1708652191003,"url":"{{base_url}}/game/1/batting","name":"batting team id update","description":"","method":"PUT","body":{"mimeType":"application/json","text":"{\n\t\"batting\": 1\n}"},"parameters":[],"headers":[{"name":"Content-Type","value":"application/json"},{"name":"User-Agent","value":"insomnia/8.5.1"}],"authentication":{},"metaSortKey":-1708652191003,"isPrivate":false,"pathParameters":[],"settingStoreCookies":true,"settingSendCookies":true,"settingDisableRenderRequestBody":false,"settingEncodeUrl":true,"settingRebuildPath":true,"settingFollowRedirects":"global","_type":"request"},{"_id":"req_45bb13337474451cb2f4f3633306459b","parentId":"fld_ff1409a2976842c3a9492d9302ccc122","modified":1709610036639,"created":1708650517084,"url":"{{base_url}}/game/1/team1_name","name":"team1_name read","description":"","method":"GET","body":{},"parameters":[],"headers":[{"name":"User-Agent","value":"insomnia/8.5.1"}],"authentication":{},"metaSortKey":-1708650517084,"isPrivate":false,"pathParameters":[],"settingStoreCookies":true,"settingSendCookies":true,"settingDisableRenderRequestBody":false,"settingEncodeUrl":true,"settingRebuildPath":true,"settingFollowRedirects":"global","_type":"request"},{"_id":"req_ac46388d0b0b4fdd87d67cc64ea800bd","parentId":"fld_ff1409a2976842c3a9492d9302ccc122","modified":1709610996599,"created":1708560613885,"url":"{{base_url}}/game/1/team1_name","name":"team1_name update","description":"","method":"PUT","body":{"mimeType":"application/json","text":"{\n\t\"team1_name\": \"padres\"\n}"},"parameters":[],"headers":[{"name":"Content-Type","value":"application/json"},{"name":"User-Agent","value":"insomnia/8.5.1"}],"authentication":{},"metaSortKey":-1708639664358.125,"isPrivate":false,"pathParameters":[],"settingStoreCookies":true,"settingSendCookies":true,"settingDisableRenderRequestBody":false,"settingEncodeUrl":true,"settingRebuildPath":true,"settingFollowRedirects":"global","_type":"request"},{"_id":"req_8ce7e2cc76cb49ae9be81a8af6a8710c","parentId":"fld_ff1409a2976842c3a9492d9302ccc122","modified":1708659484412,"created":1708658806799,"url":"{{base_url}}/game/1/team1_id","name":"team1_id read","description":"","method":"GET","body":{},"parameters":[],"headers":[{"name":"User-Agent","value":"insomnia/8.5.1"}],"authentication":{},"metaSortKey":-1708634237995.1875,"isPrivate":false,"pathParameters":[],"settingStoreCookies":true,"settingSendCookies":true,"settingDisableRenderRequestBody":false,"settingEncodeUrl":true,"settingRebuildPath":true,"settingFollowRedirects":"global","_type":"request"},{"_id":"req_f83520d457ea4638b84ef618ffe556fd","parentId":"fld_ff1409a2976842c3a9492d9302ccc122","modified":1708660925760,"created":1708660911648,"url":"{{base_url}}/game/1/team1_batter","name":"team1_batter read","description":"","method":"GET","body":{},"parameters":[],"headers":[{"name":"User-Agent","value":"insomnia/8.5.1"}],"authentication":{},"metaSortKey":-1708632881404.4531,"isPrivate":false,"pathParameters":[],"settingStoreCookies":true,"settingSendCookies":true,"settingDisableRenderRequestBody":false,"settingEncodeUrl":true,"settingRebuildPath":true,"settingFollowRedirects":"global","_type":"request"},{"_id":"req_7c5a71ce214244d58f79843772548bcb","parentId":"fld_ff1409a2976842c3a9492d9302ccc122","modified":1708660953696,"created":1708660938675,"url":"{{base_url}}/game/1/team1_batter","name":"team1_batter update","description":"","method":"PUT","body":{},"parameters":[],"headers":[{"name":"User-Agent","value":"insomnia/8.5.1"}],"authentication":{},"metaSortKey":-1708632203109.086,"isPrivate":false,"pathParameters":[],"settingStoreCookies":true,"settingSendCookies":true,"settingDisableRenderRequestBody":false,"settingEncodeUrl":true,"settingRebuildPath":true,"settingFollowRedirects":"global","_type":"request"},{"_id":"req_ffee7a971c0a4d0292126ad7c6439390","parentId":"fld_ff1409a2976842c3a9492d9302ccc122","modified":1709785612626,"created":1709001457706,"url":"{{base_url}}/game/1/runner1","name":"runner1 read","description":"","method":"GET","body":{},"parameters":[],"headers":[{"name":"User-Agent","value":"insomnia/8.5.1"}],"authentication":{},"metaSortKey":-1708631863961.4023,"isPrivate":false,"pathParameters":[],"settingStoreCookies":true,"settingSendCookies":true,"settingDisableRenderRequestBody":false,"settingEncodeUrl":true,"settingRebuildPath":true,"settingFollowRedirects":"global","_type":"request"},{"_id":"req_a18ab8826e7146b890be6155da812a57","parentId":"fld_ff1409a2976842c3a9492d9302ccc122","modified":1709002139038,"created":1708659742313,"url":"{{base_url}}/game/1/team1_runs","name":"team1_runs read","description":"","method":"GET","body":{},"parameters":[],"headers":[{"name":"User-Agent","value":"insomnia/8.5.1"}],"authentication":{},"metaSortKey":-1708631524813.7188,"isPrivate":false,"pathParameters":[],"settingStoreCookies":true,"settingSendCookies":true,"settingDisableRenderRequestBody":false,"settingEncodeUrl":true,"settingRebuildPath":true,"settingFollowRedirects":"global","_type":"request"},{"_id":"req_908ebc72b8fa4418a463252c329c8036","parentId":"fld_ff1409a2976842c3a9492d9302ccc122","modified":1708659440885,"created":1708659429533,"url":"{{base_url}}/game/1/team2_name","name":"team2_name read","description":"","method":"GET","body":{},"parameters":[],"headers":[{"name":"User-Agent","value":"insomnia/8.5.1"}],"authentication":{},"metaSortKey":-1708628811632.25,"isPrivate":false,"pathParameters":[],"settingStoreCookies":true,"settingSendCookies":true,"settingDisableRenderRequestBody":false,"settingEncodeUrl":true,"settingRebuildPath":true,"settingFollowRedirects":"global","_type":"request"},{"_id":"req_c2f8b586ac334a2b8e28dfd18d577ee2","parentId":"fld_ff1409a2976842c3a9492d9302ccc122","modified":1708659476940,"created":1708659436005,"url":"{{base_url}}/game/1/team2_name","name":"team2_name update","description":"","method":"PUT","body":{"mimeType":"application/json","text":"{\n\t\"team2_name\": \"dodgers\"\n}"},"parameters":[],"headers":[{"name":"Content-Type","value":"application/json"},{"name":"User-Agent","value":"insomnia/8.5.1"}],"authentication":{},"metaSortKey":-1708607106130.5,"isPrivate":false,"pathParameters":[],"settingStoreCookies":true,"settingSendCookies":true,"settingDisableRenderRequestBody":false,"settingEncodeUrl":true,"settingRebuildPath":true,"settingFollowRedirects":"global","_type":"request"},{"_id":"req_ba44cec9687149ccb99e1a5fae9b24ad","parentId":"fld_ff1409a2976842c3a9492d9302ccc122","modified":1708659510955,"created":1708659489741,"url":"{{base_url}}/game/1/team2_id","name":"team2_id read","description":"","method":"GET","body":{},"parameters":[],"headers":[{"name":"User-Agent","value":"insomnia/8.5.1"}],"authentication":{},"metaSortKey":-1708607106030.5,"isPrivate":false,"pathParameters":[],"settingStoreCookies":true,"settingSendCookies":true,"settingDisableRenderRequestBody":false,"settingEncodeUrl":true,"settingRebuildPath":true,"settingFollowRedirects":"global","_type":"request"},{"_id":"req_0ca94f31598e4c96b70606ed461ea718","parentId":"fld_ff1409a2976842c3a9492d9302ccc122","modified":1708659842955,"created":1708659834761,"url":"{{base_url}}/game/1/team2_runs","name":"team2_runs read","description":"","method":"GET","body":{},"parameters":[],"headers":[{"name":"User-Agent","value":"insomnia/8.5.1"}],"authentication":{},"metaSortKey":-1708607105930.5,"isPrivate":false,"pathParameters":[],"settingStoreCookies":true,"settingSendCookies":true,"settingDisableRenderRequestBody":false,"settingEncodeUrl":true,"settingRebuildPath":true,"settingFollowRedirects":"global","_type":"request"},{"_id":"req_648635d64f644d2eb49ec04fe6fc5eea","parentId":"fld_7d8f3cc02d714b29890c1db7cb645317","modified":1711568795840,"created":1711568746080,"url":"{{base_url}}/players/17","name":"team players","description":"","method":"GET","body":{},"parameters":[],"headers":[{"name":"User-Agent","value":"insomnia/8.6.1"}],"authentication":{},"metaSortKey":-1711568746080,"isPrivate":false,"pathParameters":[],"settingStoreCookies":true,"settingSendCookies":true,"settingDisableRenderRequestBody":false,"settingEncodeUrl":true,"settingRebuildPath":true,"settingFollowRedirects":"global","_type":"request"},{"_id":"fld_7d8f3cc02d714b29890c1db7cb645317","parentId":"wrk_78bf1b8cb64c4107bb75ff7d6b1a69e7","modified":1701484504162,"created":1701484504162,"name":"players","description":"","environment":{},"environmentPropertyOrder":null,"metaSortKey":-1701484504162,"_type":"request_group"},{"_id":"req_563728ea9ab348f7807df8dba96ac852","parentId":"fld_7d8f3cc02d714b29890c1db7cb645317","modified":1701570855586,"created":1701485206768,"url":"{{base_url}}/players/6","name":"delete player","description":"","method":"DELETE","body":{},"parameters":[],"headers":[{"name":"User-Agent","value":"insomnia/8.4.5"}],"authentication":{},"metaSortKey":-1701485206768,"isPrivate":false,"pathParameters":[],"settingStoreCookies":true,"settingSendCookies":true,"settingDisableRenderRequestBody":false,"settingEncodeUrl":true,"settingRebuildPath":true,"settingFollowRedirects":"global","_type":"request"},{"_id":"req_c6b309be7d96407db19b1536dca61730","parentId":"fld_7d8f3cc02d714b29890c1db7cb645317","modified":1701542227056,"created":1701485060750,"url":"{{base_url}}/players/5","name":"update player stats/info","description":"","method":"PUT","body":{"mimeType":"application/json","text":"{\n\t\"average\": \"0.260\"\n}"},"parameters":[],"headers":[{"name":"Content-Type","value":"application/json"},{"name":"User-Agent","value":"insomnia/8.4.5"}],"authentication":{},"metaSortKey":-1701485060750,"isPrivate":false,"pathParameters":[],"settingStoreCookies":true,"settingSendCookies":true,"settingDisableRenderRequestBody":false,"settingEncodeUrl":true,"settingRebuildPath":true,"settingFollowRedirects":"global","_type":"request"},{"_id":"req_3d9c343388b443ecb43b4b6a15c23ae8","parentId":"fld_7d8f3cc02d714b29890c1db7cb645317","modified":1708563164375,"created":1701484577166,"url":"{{base_url}}/players/3","name":"create player","description":"","method":"POST","body":{"mimeType":"application/json","text":"{\"team_id\": 18, \"name\": \"Juan Soto\", \"primary_position\": \"LF\", \"average\": \".275\", \"rbi\": 109, \"homers\": 35}"},"parameters":[],"headers":[{"name":"Content-Type","value":"application/json"},{"name":"User-Agent","value":"insomnia/8.4.5"}],"authentication":{},"metaSortKey":-1701484577166,"isPrivate":false,"pathParameters":[],"settingStoreCookies":true,"settingSendCookies":true,"settingDisableRenderRequestBody":false,"settingEncodeUrl":true,"settingRebuildPath":true,"settingFollowRedirects":"global","_type":"request"},{"_id":"req_a4b14c3edfd248de9f8ac4ca47d53bde","parentId":"fld_7d8f3cc02d714b29890c1db7cb645317","modified":1711570015087,"created":1701484545170,"url":"{{base_url}}/players/13/random","name":"show nine random players","description":"","method":"GET","body":{},"parameters":[],"headers":[{"name":"User-Agent","value":"insomnia/8.4.5"}],"authentication":{},"metaSortKey":-1701484545170,"isPrivate":false,"pathParameters":[],"settingStoreCookies":true,"settingSendCookies":true,"settingDisableRenderRequestBody":false,"settingEncodeUrl":true,"settingRebuildPath":true,"settingFollowRedirects":"global","_type":"request"},{"_id":"req_66268a868b68439bb7e78ed68bec3edc","parentId":"fld_7d8f3cc02d714b29890c1db7cb645317","modified":1711568783302,"created":1701484509570,"url":"{{base_url}}/players","name":"player index","description":"","method":"GET","body":{},"parameters":[],"headers":[{"name":"User-Agent","value":"insomnia/8.4.5"}],"authentication":{},"metaSortKey":-1701484509570,"isPrivate":false,"pathParameters":[],"settingStoreCookies":true,"settingSendCookies":true,"settingDisableRenderRequestBody":false,"settingEncodeUrl":true,"settingRebuildPath":true,"settingFollowRedirects":"global","_type":"request"},{"_id":"req_c6cccb4f893449e19d79cb9e10b46aa2","parentId":"fld_89bd9acfdd0c4d3c94e468e8a1c39318","modified":1711568458038,"created":1701484450108,"url":"{{base_url}}/teams/17","name":"show_team","description":"","method":"GET","body":{},"parameters":[],"headers":[{"name":"User-Agent","value":"insomnia/8.4.5"}],"authentication":{},"metaSortKey":-1701484450108,"isPrivate":false,"pathParameters":[],"settingStoreCookies":true,"settingSendCookies":true,"settingDisableRenderRequestBody":false,"settingEncodeUrl":true,"settingRebuildPath":true,"settingFollowRedirects":"global","_type":"request"},{"_id":"fld_89bd9acfdd0c4d3c94e468e8a1c39318","parentId":"wrk_78bf1b8cb64c4107bb75ff7d6b1a69e7","modified":1701484400882,"created":1701484400882,"name":"teams","description":"","environment":{},"environmentPropertyOrder":null,"metaSortKey":-1701484400882,"_type":"request_group"},{"_id":"req_d7dfa5ed41f1445291e18c56c7ad8680","parentId":"fld_89bd9acfdd0c4d3c94e468e8a1c39318","modified":1708303453852,"created":1701484410509,"url":"{{base_url}}/teams","name":"teams_index","description":"","method":"GET","body":{},"parameters":[],"headers":[{"name":"User-Agent","value":"insomnia/8.4.5"}],"authentication":{},"metaSortKey":-1701484410509,"isPrivate":false,"pathParameters":[],"settingStoreCookies":true,"settingSendCookies":true,"settingDisableRenderRequestBody":false,"settingEncodeUrl":true,"settingRebuildPath":true,"settingFollowRedirects":"global","_type":"request"},{"_id":"env_63ec22267dc8dee89d7b35a9599416e6f0572cad","parentId":"wrk_78bf1b8cb64c4107bb75ff7d6b1a69e7","modified":1701539395432,"created":1701482839775,"name":"Base Environment","data":{"base_url":"http://localhost:5000"},"dataPropertyOrder":{"&":["base_url"]},"color":null,"isPrivate":false,"metaSortKey":1701482839776,"_type":"environment"},{"_id":"jar_63ec22267dc8dee89d7b35a9599416e6f0572cad","parentId":"wrk_78bf1b8cb64c4107bb75ff7d6b1a69e7","modified":1701484066761,"created":1701482839777,"name":"Default Jar","cookies":[{"key":"pga4_session","value":"586b8cf4-b588-439e-a0c6-7f516fec42f5!S5MevN3G7RbNQxyKJoLxuuthVIQ=","expires":"2023-12-03T02:27:46.000Z","domain":"localhost","path":"/","httpOnly":true,"hostOnly":true,"creation":"2023-12-02T02:13:02.658Z","lastAccessed":"2023-12-02T02:27:46.761Z","sameSite":"lax","id":"d0f46dc9-942a-4b47-b983-c69caaefebfa"},{"key":"PGADMIN_LANGUAGE","value":"en","domain":"localhost","path":"/","httpOnly":true,"hostOnly":true,"creation":"2023-12-02T02:16:23.305Z","lastAccessed":"2023-12-02T02:27:46.760Z","sameSite":"lax","id":"bc5768c5-9571-4906-83fd-79753ba6058b"}],"_type":"cookie_jar"}]}